-16.394246,-0.152009,-2.682092,-0.688034,0.269307,1.107860,-0.360704,-0.539562,1
-19.263165,0.493046,0.006079,-1.496687,-0.336525,-1.498138,-0.484421,0.731290,1
-19.319148,0.189032,-1.640676,-1.868775,-0.304858,-0.526391,-0.434021,-0.254130,1
-19.855508,0.690365,0.230312,-2.510051,-1.852973,-1.267048,0.087229,-0.716645,1
-18.482686,0.466860,-1.997154,-0.186907,-0.721187,0.677216,0.656317,2.991289,1
-13.094088,0.032335,-3.310578,-0.029632,0.928659,2.286569,-1.011506,-0.342126,1
-18.557350,0.600433,1.384003,-2.200947,-1.049460,-2.188118,-0.081644,-0.583182,1
-17.279128,0.679653,-2.747839,-0.799432,-1.252884,2.344626,0.263659,-0.108678,1
-17.489512,-0.527602,-3.198874,0.010627,-0.141416,2.616437,0.549604,0.150878,1
-19.307095,-0.025208,-0.770163,-1.734599,0.688683,-0.843640,-1.680090,-0.191482,1
-17.223193,-0.373308,1.736291,-2.036813,0.492119,-2.581790,-1.688021,-1.924454,1
-18.419921,0.451280,0.492606,-1.373149,1.700824,-1.925255,-2.300783,-1.539650,1
-19.521870,0.674341,0.269217,-2.413052,-1.789509,-1.181829,0.161105,-0.711479,1
-18.824813,0.681878,1.626692,-2.112347,-0.969769,-2.364561,-0.058087,-0.226261,1
-17.704407,0.115877,-3.555586,-0.793199,-0.547927,1.866241,-0.152774,0.140062,1
-20.363011,0.732311,1.175163,-2.333639,-1.099299,-2.483784,-0.211092,-0.013286,1
-18.053305,1.071111,-1.727950,-0.214789,0.231740,0.620093,-0.596934,2.920563,1
-15.019347,0.165567,-0.930218,0.896790,0.476829,0.866697,0.687105,2.317506,1
-19.819990,0.404558,-0.885436,-1.708460,-0.284979,-1.050721,-0.662067,0.595724,1
-17.567824,0.336445,-2.455695,-1.354862,-0.711698,0.835131,-0.180516,-0.596578,1
-18.892849,-0.354591,-1.069091,-1.743383,0.908917,-0.995337,-1.791284,-1.089858,1
-18.467157,-0.030863,-2.338726,-1.443064,0.006372,0.541209,-0.796546,-0.676312,1
-20.046429,0.639639,0.513323,-1.832870,-0.711582,-1.948810,-0.121298,0.555208,1
-12.622416,-0.832434,0.741249,-0.955766,1.487426,-1.648274,-1.728439,-1.825347,1
-12.771354,-2.525740,-1.717175,1.596335,1.098255,2.477288,1.997654,-0.057122,1
-16.708640,0.851583,-1.499247,0.023132,0.414163,0.325322,-0.578542,3.185024,1
-14.439418,-0.392863,1.261398,0.153525,1.524353,-1.164304,-0.520573,1.323228,1
-19.771919,0.677387,0.305622,-2.058466,-1.285421,-1.357353,-0.333797,0.115596,1
-14.537425,-0.091858,-0.394852,-1.330273,0.582461,-0.579342,-1.573503,-1.494695,1
-17.923251,0.965819,-1.838975,0.025056,0.197417,0.886055,-0.000716,2.427587,1
-14.726684,0.687048,-1.814409,0.791587,1.404499,1.389824,-0.119895,1.384608,1
-18.997623,0.263617,-0.963907,-2.009083,-0.401662,-0.884513,-0.512084,-0.170547,1
-18.319474,0.475759,-3.226535,-0.695553,-0.235939,1.650200,-0.306995,1.256391,1
-17.545834,0.681000,-1.929731,-1.504517,-2.088984,1.292189,0.382018,-0.773974,1
-19.313998,0.494682,-0.004193,-1.508906,-0.333106,-1.498461,-0.504539,0.753318,1
-19.113569,0.604418,1.067667,-2.362399,-1.263360,-2.000599,-0.093876,-0.646606,1
-19.840957,0.373820,0.220609,-1.590393,-0.158855,-1.685419,-0.839001,0.913977,1
-16.540994,-0.072265,-3.199039,-0.388271,-0.737433,2.275787,0.396766,-0.062190,1
-15.510486,0.035889,-3.589648,-1.082432,0.626484,1.370345,-1.248586,-0.725240,1
-20.458012,0.805693,0.487213,-2.021960,-1.151724,-1.776329,-0.109715,0.510400,1
-16.964331,2.028830,-1.475700,-1.399509,-2.792175,2.415676,0.193588,-0.650826,1
-19.058438,0.594711,-1.209742,-1.757908,-1.270191,0.084781,0.213426,0.169000,1
-19.867287,0.139444,-0.660224,-2.062096,-0.381846,-1.264125,-0.856871,-0.298570,1
-17.207800,0.731841,-2.689207,-0.822604,-1.346187,2.452283,0.227012,-0.221682,1
-17.757342,0.504304,1.722216,-1.749269,-0.796115,-2.241739,0.200980,0.282007,1
-16.993275,0.290841,-3.597240,-1.041588,0.065864,1.648322,-0.910521,-0.519842,1
-17.416464,0.321928,-2.958004,-0.662161,0.024460,1.264716,-0.239346,0.916991,1
-16.781888,-0.207026,-3.669303,-0.556921,-0.263558,2.078824,-0.143625,-0.008419,1
-20.438821,0.232442,-0.478281,-1.900109,-0.018369,-1.430757,-1.189345,0.656869,1
-17.720399,0.162401,0.587700,-2.464416,-1.324489,-1.664969,0.105394,-1.917365,1
-17.087720,-0.894825,1.701537,-2.137131,1.139611,-2.911475,-2.238175,-1.809618,1
-14.835646,-2.446588,-1.725090,1.167718,1.154477,2.695383,1.874829,-0.198321,1
-18.359858,0.489436,-1.918822,-0.230217,-0.783099,0.581916,0.731414,2.927173,1
-19.012921,0.479082,-2.092596,-1.337234,-0.727496,0.742823,-0.286967,0.504631,1
-19.592854,0.887429,-0.577762,-1.613566,-1.377842,-0.333706,0.388334,1.057609,1
-16.049552,-0.852878,-2.444610,0.899641,0.863880,2.439258,0.962735,0.757335,1
-15.149401,0.591133,-0.963218,0.607505,1.221085,0.421277,-0.450451,2.695896,1
-16.854736,-0.118135,-3.808147,-0.469794,0.676772,1.726257,-0.670210,-0.397915,1
-17.665502,0.185985,-3.580275,-0.859847,-0.438701,1.905382,-0.283844,-0.277597,1
-18.409487,0.212849,-2.993072,-1.140873,-0.600452,1.078508,-0.184864,-0.166408,1
-15.300345,-0.332877,-3.514137,-0.206005,-0.032384,2.155066,0.002630,0.002458,1
-16.277659,0.200334,-3.038068,-0.945553,-0.658408,1.805103,-0.186990,-0.281258,1
-12.789006,-0.353163,-2.504983,0.499740,1.378074,1.840444,-0.675048,-1.071678,1
-19.139786,0.580844,0.726075,-2.144473,-0.842592,-2.027060,-0.363450,-0.036109,1
-17.278594,0.366088,-1.708621,-1.335630,0.356933,0.219032,-1.247276,0.873896,1
-16.143875,-1.309490,-2.987789,0.631967,0.288513,2.787772,0.863359,-0.719829,1
-19.219035,0.098190,0.166073,-1.872857,0.200700,-1.658999,-1.337297,0.160500,1
-17.672430,-0.011746,-2.840618,-1.043835,-0.574894,1.091682,-0.075056,-0.436755,1
-18.818422,0.826102,-1.873313,-1.372268,-1.703739,1.134330,0.196976,-0.031628,1
-16.726341,0.575127,-2.687308,-0.942586,1.041437,0.931333,-1.608988,-0.282388,1
-14.086685,2.452649,0.542265,1.068386,4.571387,-1.530519,-2.387157,-2.605329,1
-6.887781,-6.245599,0.151552,1.434344,-0.049142,1.862652,3.792033,-1.231491,1
-16.906125,-0.007705,2.922862,-2.297205,-1.583768,-2.261681,0.919818,-3.147997,1
-16.759563,-0.022380,-3.654562,-0.317719,0.058231,2.214841,-0.161628,0.192845,1
-14.730976,0.417714,-1.916956,0.794458,0.993540,1.451126,0.290993,1.602253,1
-13.289843,0.620512,-1.109515,0.153343,-0.146399,-0.140196,0.286066,3.296664,1
-16.178318,-1.476458,-2.381483,1.365792,1.090991,3.033235,1.347609,0.372171,1
-19.130293,0.708723,0.382565,-1.879166,-0.663158,-1.728676,0.000044,0.361809,1
-18.913090,0.676944,-0.376918,-2.040024,-1.119490,-0.782312,0.025937,0.208408,1
-20.120616,0.712295,0.605570,-1.997408,-0.860496,-1.948763,-0.137617,0.406615,1
-16.728295,0.479923,-1.257441,-1.741652,-1.186112,0.124581,0.132189,-0.895290,1
-18.646090,0.638863,-0.935960,-1.533241,-0.530096,-0.699460,0.131359,0.914831,1
-17.307906,0.695450,-2.900568,-0.902652,-1.147089,2.328677,-0.022682,-0.014137,1
-18.622322,0.763786,-0.760474,-2.077024,-1.955476,-0.050855,0.395307,-0.460056,1
-15.455776,0.812324,-1.483852,0.105625,-0.071717,0.254836,-0.014018,3.311594,1
-17.465316,-0.120708,-3.458923,-1.053088,0.053779,1.261370,-0.673090,-0.140308,1
-19.400929,0.690365,1.503059,-2.097702,-0.953714,-2.390635,-0.055682,-0.003567,1
-18.521937,0.068257,-1.837970,-1.275049,0.227445,0.169603,-0.798456,0.900764,1
-18.618176,0.115363,-2.109216,-1.608339,-0.508549,0.102412,-0.155779,-0.327501,1
-13.606520,-0.081143,-3.387591,-0.592840,0.730257,1.630985,-0.893299,-0.357808,1
-17.021790,0.519297,-1.867428,-0.030196,-0.370348,0.695803,0.631402,2.621230,1
-12.993364,-1.214087,1.838408,-1.451695,1.998266,-3.041341,-2.111973,-1.595506,1
-14.947041,0.653965,-1.216788,0.568474,0.871293,0.793726,-0.334654,2.843807,1
-18.270581,0.382881,-0.662164,-2.191920,-0.628438,-0.998671,-0.296378,-0.752636,1
-18.515920,0.216990,-1.980742,-1.690299,-0.628025,-0.002030,-0.035339,-0.490796,1
-9.923074,-2.723329,-0.132050,2.639036,2.050550,2.618789,2.807854,-0.286189,1
-19.249968,0.656898,1.357767,-2.280846,-1.106835,-2.317937,-0.142700,-0.397988,1
-12.765972,-2.311573,-2.037794,1.468508,1.173392,2.501505,1.623973,-0.321369,1
-17.850851,0.453056,0.975713,-1.650782,-0.653132,-1.879332,0.192510,0.793238,1
-16.658148,0.423023,-2.540369,-0.557584,0.490212,1.639818,-0.696408,-0.888821,1
-16.129714,-1.235420,-0.648213,-0.093568,-1.117986,2.409392,2.053297,-0.464761,1
-15.026072,0.903825,-1.540376,0.276958,0.323260,0.567697,-0.100534,2.882328,1
-19.603291,0.635806,0.659167,-1.827706,-0.676268,-1.976737,-0.132536,0.451357,1
-15.227951,-0.248301,-3.530008,-0.503783,0.631987,1.504970,-0.575534,-0.377036,1
-13.492543,-0.059196,-2.510612,-1.325284,0.735609,0.592084,-1.562146,-1.079401,1
-15.035961,-0.252970,-1.965283,-0.729911,0.141872,0.587804,0.134264,-1.052204,1
-19.005805,0.655848,-1.973701,-1.517446,-1.975471,1.047615,0.473921,-0.135279,1
-19.150754,0.780818,0.531163,-2.092334,-1.180830,-1.492879,-0.004234,0.110555,1
-19.048227,0.404819,-1.716217,-1.618473,-0.598009,-0.106885,-0.039038,0.351003,1
-16.818174,1.051013,-1.814429,-0.082465,-0.302269,0.805015,0.082728,2.941696,1
-18.738656,0.812701,-1.524306,-1.711129,-2.015816,0.682114,0.410854,-0.143244,1
-14.007456,-1.347074,1.505772,-0.249511,0.822793,-1.076692,1.156098,-1.478750,1
-19.139995,0.669773,-0.388739,-1.270579,-0.485264,-0.950060,0.111447,1.166752,1
-18.511094,0.395595,0.067701,-2.356613,-0.965540,-1.392308,-0.206655,-0.744658,1
-15.732367,1.385791,-0.887207,0.580981,2.492196,-0.032823,-1.052637,-1.039117,1
-17.097584,0.366214,-0.822390,-0.359579,-0.670581,0.055191,0.977329,2.233483,1
-19.633511,0.681647,0.102706,-1.905737,-0.768340,-1.542427,-0.266766,0.443703,1
-18.666380,0.643807,-0.362960,-1.198304,-0.377075,-0.935234,0.113056,1.138670,1
-19.726557,0.598035,0.686826,-1.821252,-0.648699,-2.028731,-0.248875,0.456013,1
-18.490072,0.605231,0.470338,-2.047846,-0.785946,-1.702874,-0.108987,0.081966,1
-17.272709,0.520291,-3.228273,-0.853051,0.070198,1.511430,-0.805125,1.087699,1
-15.038626,-0.461362,-2.754280,-0.521164,0.862501,1.082809,-0.576801,-0.671616,1
-17.270710,0.413090,-1.737306,-0.662775,0.764947,0.676803,-0.738557,0.882170,1
-19.716458,0.913145,-0.547733,-1.822556,-1.451726,-0.349479,0.284404,0.583596,1
-19.277035,0.693248,0.188811,-2.423541,-1.776548,-1.139757,0.143979,-0.712421,1
-19.640544,0.628242,0.909937,-2.345729,-1.302171,-1.979446,-0.247843,-0.399318,1
-18.168585,0.367736,-0.664768,-1.984401,-0.348946,-1.006291,-0.585220,-0.220065,1
-18.295807,-0.171559,0.322981,-1.816664,0.565713,-1.450274,-1.753112,-0.098598,1
-14.937295,-2.413887,-2.079981,1.397306,1.639154,2.817354,1.474381,-0.396722,1
-12.712040,-2.734079,-0.465085,2.391387,2.066621,2.607540,2.657155,-0.410981,1
-16.831887,0.011091,-3.620139,-0.264144,0.089752,2.232708,-0.134829,0.310733,1
-17.408352,0.331864,-3.217072,-0.568646,0.107384,1.558511,-0.315004,1.064516,1
-19.799632,0.640403,0.666408,-1.844294,-0.705681,-2.008200,-0.119127,0.433319,1
-18.610959,0.149532,-3.165310,-1.168193,-0.729692,1.162792,-0.193445,-0.234300,1
-13.540751,0.406608,-3.542364,-1.248043,0.680214,1.505026,-1.887325,-0.880910,1
-17.333842,0.710453,-2.697515,-0.712070,-1.467917,2.606200,0.320044,0.001502,1
-16.942352,-0.330757,1.781552,-1.722254,0.873643,-2.464068,-1.971043,0.220261,1
-14.839401,-1.462158,0.594027,-0.814644,1.078861,-1.105339,-0.646332,-1.680689,1
-19.414372,0.513579,-0.183107,-1.533913,-0.296007,-1.396732,-0.577291,0.811523,1
-18.187427,0.578983,1.822049,-2.109655,-1.013356,-2.285934,0.074562,-0.552070,1
-19.124500,0.688619,0.637340,-1.801344,-0.673460,-1.863842,0.069135,0.413854,1
-16.830281,1.041007,-1.789140,-0.054644,-0.300213,0.778970,0.125790,2.984824,1
-16.332020,0.204342,-3.315252,-1.232705,0.151689,1.295036,-1.146420,-0.096530,1
-17.292291,-0.469447,-2.355234,-1.372488,0.574552,0.019421,-1.012417,-0.688635,1
-18.196876,0.776620,-1.717708,-0.259096,-0.327739,0.507941,0.572941,2.039995,1
-18.035717,0.076328,-3.745830,-0.556376,0.103616,2.039575,-0.371628,-0.042967,1
-19.596501,0.670277,0.335263,-1.947138,-0.661160,-1.879624,-0.258799,0.351549,1
-17.355117,0.416421,-3.279814,-1.245920,-0.502455,1.593427,-0.706061,-0.024752,1
-18.844371,0.612540,1.636555,-2.258584,-1.135684,-2.372443,-0.039919,-0.547755,1
-17.607158,-0.610273,-2.474651,0.449788,0.746797,2.089574,0.700824,0.258791,1
-16.002031,-1.217213,-2.834461,1.037442,1.050700,2.904660,0.908738,0.197730,1
-20.126215,0.714941,0.503344,-1.982249,-0.854791,-1.876703,-0.151427,0.440268,1
-18.300123,0.415537,-3.225784,-0.874558,-0.307921,1.539951,-0.346634,0.928796,1
-16.125547,0.685027,-2.165849,0.552603,1.066897,1.600207,-0.122355,1.470531,1
-17.603948,-0.548456,-1.716755,-1.425676,0.868210,-0.414394,-1.284939,-1.054153,1
-19.647422,0.620186,0.943226,-2.473479,-1.434793,-1.960138,-0.086717,-0.658697,1
-20.138553,0.669760,0.999477,-2.057850,-0.860105,-2.270466,-0.201295,0.283819,1
-19.918970,0.700716,1.510121,-2.182478,-1.027451,-2.482410,-0.081149,0.009476,1
-18.233439,0.719721,-1.694974,-0.522733,-0.564542,0.446996,0.584063,1.964952,1
-19.864132,0.666687,1.321768,-2.087350,-0.920186,-2.395890,-0.197940,0.129407,1
-18.366293,0.280005,-1.759747,-1.240561,-0.944056,1.006863,-0.087876,-0.315480,1
-16.174501,0.691152,-2.297232,0.390820,0.749712,1.767120,-0.023736,1.428667,1
-18.931830,0.758014,0.014825,-1.839387,-0.754703,-1.328698,0.016638,0.454617,1
-17.375555,1.537762,-1.111870,0.196613,2.218420,-0.150665,-1.216350,-1.010335,1
-17.321408,0.558542,-2.762599,-0.802529,-1.489419,2.458452,0.404276,-0.023672,1
-16.369242,0.195304,0.888648,-1.931057,-0.930276,-1.436400,0.117274,-1.745831,1
-16.780210,0.849478,-1.516476,-0.223688,0.286634,0.343144,-0.676089,3.111006,1
-16.608137,-0.219541,-3.337751,-0.945309,0.277849,1.139396,-0.694604,-0.496050,1
-19.687648,0.614269,1.073977,-2.454451,-1.360842,-2.092224,-0.111511,-0.654610,1
-18.602932,0.595110,-1.727439,-0.844113,0.419799,0.319269,-0.738405,1.596223,1
-17.417078,1.509010,-0.939254,0.202046,2.333615,-0.327839,-1.364228,-1.236921,1
-14.968913,0.089194,-3.234153,-1.243310,0.517443,1.198518,-1.309508,-0.734396,1
-19.903278,0.515169,0.041840,-1.654427,-0.454896,-1.641088,-0.524017,0.723015,1
-18.320561,0.444115,-2.690676,-0.943071,0.427506,1.305211,-0.946259,-0.163341,1
-17.514413,-0.529947,-1.658636,-1.590107,0.651284,-0.687895,-1.253422,-0.958261,1
-15.496983,0.220198,-1.533775,0.145801,-0.614023,0.494814,1.052161,2.904051,1
-17.619811,0.113365,-2.927702,-1.443648,-0.185948,0.615478,-0.866609,-0.372002,1
-20.097115,0.555936,0.579955,-1.953672,-0.627827,-2.092538,-0.577503,0.370691,1
-20.375519,0.652207,1.311535,-2.260788,-1.020487,-2.534434,-0.379985,0.011140,1
-14.826263,-2.222598,-2.002883,1.072585,1.398582,2.240833,1.489589,-0.111653,1
-15.211156,0.238021,-1.313910,1.131079,0.322802,0.880357,1.031996,3.137387,1
-19.074516,0.834029,0.354611,-1.788893,-0.993050,-1.374796,0.113079,0.525918,1
-16.172635,-1.725727,0.377386,0.455213,1.459102,0.935842,0.973996,-0.327901,1
-16.575982,-0.229555,-3.800365,-0.793768,0.390778,1.413614,-0.730576,-0.250357,1
-19.685548,0.425716,-0.730949,-1.830108,-0.324756,-1.134454,-0.642890,0.434439,1
-17.574402,0.642178,-2.693060,-1.096272,-1.869195,2.220447,0.341714,-0.243290,1
-18.333101,0.090629,0.199652,-1.706102,0.304678,-1.501204,-1.233313,0.119627,1
-15.236376,-0.937868,1.845539,-2.165762,0.937260,-3.017446,-2.165716,-1.754925,1
-17.168204,0.451270,-1.844832,-0.098860,-0.614572,0.597533,0.748921,2.814646,1
-17.430776,0.723939,-3.145691,-0.550089,-0.073614,1.924405,-0.597414,1.363825,1
-14.916669,0.434746,-2.622031,-0.993495,1.490683,0.824983,-2.104447,-1.416914,1
-13.471321,-0.313627,-3.127373,-0.116869,0.898539,1.472450,-0.333117,-0.397917,1
-19.566584,0.629518,0.522969,-1.759451,-0.645313,-1.876140,-0.100055,0.525632,1
-16.424052,0.265484,1.647152,-1.316192,-0.800961,-1.733061,0.560208,0.631194,1
-19.133166,0.626787,0.750409,-1.773155,-0.633270,-1.936115,-0.118184,0.393372,1
-19.688354,0.622676,0.899224,-2.465502,-1.468630,-1.896032,-0.059683,-0.672525,1
-15.516559,3.000151,0.793833,-0.865820,-2.646150,1.459888,0.615346,-2.070735,1
-14.252615,-1.835524,-2.091183,0.904965,1.216969,1.933128,1.099441,-0.863737,1
-20.153790,0.854308,0.115833,-2.077697,-1.398193,-1.272068,0.037714,0.377084,1
-19.623093,0.696013,0.539045,-1.716863,-0.806864,-1.659759,-0.021085,0.632637,1
-10.868862,-0.121878,-2.962792,0.255185,0.822493,2.277011,-0.600656,-0.103290,1
-18.887382,0.589124,1.840548,-2.215218,-1.125542,-2.383103,0.056422,-0.572122,1
-18.920495,0.407591,-0.707478,-1.974648,-0.390227,-1.090112,-0.554852,0.020706,1
-5.175139,-4.981751,0.866593,2.507670,1.957999,1.904495,3.056508,1.272238,1
-17.267213,0.512939,-0.700314,-1.577340,-1.303153,0.120956,0.525513,-0.114800,1
-16.242883,0.447973,-3.167277,-1.309600,-0.506476,1.697672,-0.841004,-0.345827,1
-16.302915,0.899891,-2.324566,-1.318007,-1.868747,1.989247,0.051247,-0.450273,1
-18.462766,0.415580,-2.925497,-0.914373,-0.393217,1.170137,-0.207699,0.846048,1
-16.493883,-0.256887,-2.869576,-1.043815,0.132158,0.675135,-0.482603,-0.755004,1
-19.923537,0.290559,0.199960,-1.898982,0.066842,-1.815118,-1.314472,0.565509,1
-18.210075,0.370327,-2.090237,-1.414361,-0.375979,0.212597,-0.130365,0.376410,1
-19.652954,0.474670,0.802175,-1.727913,-0.527316,-2.075786,-0.565711,0.470243,1
-18.820130,0.203213,-3.169395,-1.124526,-0.703086,1.561288,-0.205460,-0.433858,1
-19.694395,0.703127,0.182465,-2.493493,-1.858283,-1.197025,0.131244,-0.719211,1
-14.682312,-1.017072,1.005932,-0.633161,1.872012,-1.668972,-1.330829,-1.641777,1
-18.591361,0.481836,0.026044,-1.396498,-0.245786,-1.391813,-0.447755,0.697860,1
-16.713453,0.620083,-2.112948,-1.070419,-0.462883,1.077598,-0.207912,-0.378462,1
-18.377770,0.064073,-1.821759,-1.215994,0.248460,0.246540,-0.748680,0.892424,1
-19.381906,-0.118234,-0.573538,-1.911372,0.653227,-1.169083,-1.837369,-0.968105,1
-13.156612,0.665981,-1.226060,0.597783,0.462668,0.615572,0.164150,2.915969,1
-17.011088,0.424877,-1.807366,0.065426,-0.635283,0.842782,0.877276,2.844119,1
-13.216265,-0.399010,-0.916046,-0.821718,0.712081,-0.373742,-0.477346,-1.603484,1
-17.984634,0.536157,-0.805514,-0.847528,-0.651600,-0.447258,0.590274,2.112854,1
-6.269467,-4.054569,-0.359598,3.072263,0.977798,1.348584,3.501962,1.103294,1
-16.955454,0.611249,-2.939402,-1.143462,-1.184170,1.952968,-0.166745,-0.545615,1
-15.083780,0.216148,-3.674045,-0.838728,0.498865,1.871171,-1.191178,-0.499419,1
-15.268718,-0.522765,-3.270534,0.399343,0.290873,2.331330,0.483213,0.019331,1
-17.418006,-0.805613,-1.641219,-0.245232,-1.110107,2.277545,1.528936,-0.718042,1
-18.590936,-0.510624,-1.774335,-1.769143,0.481524,-0.717781,-1.354766,-0.814961,1
-16.921602,0.072353,3.449826,-1.616642,-1.211825,-1.945848,1.334491,-2.858804,1
-17.410524,0.788812,-3.065103,-0.591921,0.050260,1.527145,-0.761177,1.611217,1
-14.279136,0.064883,1.111336,0.220386,1.675942,-1.011509,-1.006307,1.476227,1
-14.943471,-2.239226,-2.364686,1.234942,0.597429,2.945294,1.669124,-0.517384,1
-18.307913,0.254786,-2.891512,-1.180136,0.510019,1.101209,-1.189413,-0.448803,1
-15.914533,0.246457,-0.742974,-0.513466,-0.196587,1.088477,-0.112400,-0.310886,1
-18.465114,0.590304,0.697613,-1.740722,-0.495242,-1.824306,-0.296427,0.219837,1
-16.782876,0.512846,-1.266110,-0.116564,-0.378648,0.262032,0.784539,2.385628,1
-14.575833,0.708813,1.234149,0.495810,3.158661,-1.343293,-1.895088,-2.054770,1
-17.329717,0.399982,-3.294087,-1.220701,-0.580882,1.766470,-0.723699,0.057608,1
-18.875637,-0.382347,-1.645774,-1.652511,0.901966,-0.628642,-1.603379,-1.082557,1
-14.965713,0.117909,-3.096464,-1.351692,0.503076,1.023468,-1.404578,-0.931689,1
-18.123107,0.172220,-1.312450,-1.593912,-0.146097,-0.490276,-0.340031,0.006033,1
-18.079012,0.286151,-1.218244,-2.282988,-0.780057,-0.755442,-0.450642,-0.984931,1
-16.250618,0.476581,-2.492845,0.257090,0.556266,1.897024,0.063766,1.448037,1
-14.902093,-0.152592,-2.566244,0.024453,1.145932,1.536789,-0.341063,-0.244083,1
-18.750951,0.579812,-0.504745,-1.466551,-0.437182,-1.071136,-0.103134,0.908156,1
-19.638286,0.665026,0.841811,-2.162137,-1.112373,-1.964402,-0.378553,-0.039839,1
21.482278,-0.627632,-1.264714,-3.898403,-2.642555,3.416300,-0.882222,1.826803,2
6.627813,7.967199,-3.431339,5.352396,1.933399,0.791293,2.290381,-2.820443,2
9.981280,5.296181,-4.420601,6.086351,-0.235235,-1.045750,-2.720187,-2.358351,2
18.044999,1.879645,-6.459796,0.478930,-1.295696,-0.678519,-0.832755,1.116089,2
13.296509,2.066668,-3.618062,11.351190,-1.230253,-2.850766,-1.975640,-3.190616,2
21.502943,3.446580,-6.409988,0.939810,0.102879,-4.637993,2.901350,-1.631261,2
-10.594541,10.813484,-1.535679,1.741059,5.837812,0.635606,-2.847135,-3.583338,2
7.006887,5.595491,5.645001,2.629577,-2.514704,3.384644,1.761211,-0.520823,2
14.162933,0.496525,-6.153361,4.203149,-1.736771,-2.554599,-0.528823,0.262380,2
11.819815,4.987210,-3.496677,4.133453,0.850480,-0.036787,-1.334647,3.493746,2
5.719435,6.479642,3.095581,8.941124,3.268854,1.527796,-2.244912,-1.936722,2
6.348871,7.021693,-3.351080,6.474544,2.181791,-0.694676,-0.948007,-2.774058,2
18.339928,6.859179,-1.889590,-0.866896,1.428936,-0.320774,-4.755141,6.005268,2
20.768982,2.247721,6.037426,-6.079427,5.028160,-3.620744,-0.963133,2.808773,2
-5.849538,9.080046,3.008854,0.935005,-4.319005,2.167203,3.611682,-1.276382,2
11.242236,-1.521199,-1.007199,-0.411571,-4.810029,0.955096,-1.437293,1.501446,2
27.162990,5.469732,-0.288507,-4.119107,3.497796,-1.323702,4.505862,-2.845907,2
14.945866,8.212989,-2.295875,0.663914,0.735591,1.007474,-0.216110,-0.630073,2
21.494463,5.155098,-4.739490,2.559167,-0.601438,-2.680259,-0.220284,1.080700,2
26.367539,2.793226,-2.753120,-5.099401,1.896998,-0.297171,2.787451,2.543354,2
25.768465,6.244830,-0.923140,-2.515644,2.711198,-0.299563,3.078919,0.278067,2
20.933952,3.657681,-5.172129,0.835834,0.330326,-1.160267,-0.164548,2.730737,2
12.836487,-0.723875,1.129585,5.771488,-4.094660,-3.081883,-2.062879,-2.179488,2
16.624078,4.171921,3.402262,3.307629,-3.691588,-1.861066,-1.475677,-2.543166,2
12.777507,2.165890,7.385703,-0.540143,-0.316705,2.845025,-2.834036,-3.820746,2
-8.596176,8.978529,-0.854894,2.609478,5.954278,0.464283,-1.661706,-3.494358,2
24.328370,3.812721,-2.316769,-0.602332,0.539105,-2.555607,-0.025634,-1.392011,2
17.659898,-0.027868,-1.298706,-1.498305,-4.289400,2.345319,-1.061399,1.076590,2
17.846430,2.221160,4.169543,-3.645367,-3.879627,-2.435715,0.004888,-1.708235,2
16.467255,3.137468,-2.538861,1.554308,-0.977060,0.848778,-3.741623,2.370930,2
8.923496,0.966041,8.429167,0.179353,-3.902550,-0.353191,-1.787391,0.513228,2
4.394203,3.462304,1.594251,4.333664,-0.452945,0.965094,2.021633,1.978328,2
18.713504,4.935755,4.653876,-4.082880,1.055341,-4.698084,5.372507,0.444576,2
22.181909,1.617630,-5.511428,-3.882032,0.750547,-4.015392,3.969700,0.567311,2
16.950863,8.040516,-2.860460,0.205830,-2.683294,-0.655608,1.616115,-1.276656,2
27.229503,2.338875,0.539329,-2.417928,5.570365,3.120672,2.275109,-3.361608,2
18.096026,1.249425,-9.248526,-0.936418,1.733409,-3.146261,3.567907,-0.204517,2
5.712185,6.749427,1.472704,6.328854,3.819664,1.249788,-1.487382,-1.036795,2
14.299138,-2.109822,-10.900813,-3.999690,-0.761312,-3.774251,-2.133680,1.667048,2
20.913637,3.186806,-1.429701,-2.147726,-1.505344,-3.822072,1.655569,-1.915874,2
0.513118,8.925102,3.959042,1.001593,-4.086732,1.995371,2.602661,-0.499049,2
11.623886,3.033030,11.917047,-2.543815,2.398723,0.270371,-0.578746,1.606113,2
7.469970,4.787669,-1.366681,6.660089,1.168452,-0.114877,0.392164,3.996917,2
-5.879538,10.342699,-0.160449,2.565962,5.444222,0.606263,-1.862542,-2.816345,2
20.262043,3.737163,0.789709,2.297599,-3.077941,-0.825484,-2.553102,-2.189341,2
1.179648,4.901878,5.729367,-0.229746,-7.086027,3.786013,1.691926,2.450367,2
17.918214,7.200482,1.924259,-2.446202,2.898189,1.406242,-0.927335,6.786530,2
6.225394,7.139431,-3.284283,6.121115,2.305767,-0.259168,-0.311124,-2.848473,2
17.619322,-0.972469,-0.720148,-0.770284,-5.475131,2.332132,-1.832984,0.981423,2
16.104212,9.338148,-8.075933,0.044017,2.098662,-1.120346,0.547307,-3.909877,2
22.100301,2.184622,-7.806901,-2.154643,-0.750556,-1.422896,0.904392,2.028480,2
22.374441,7.855910,0.425436,-5.570419,4.243083,1.573022,0.433380,7.981615,2
16.029841,3.248899,10.708565,-3.971194,-2.076040,-0.004149,-2.935776,0.533726,2
5.729519,7.140497,0.875850,4.499028,3.054117,-0.053048,-0.851250,4.031810,2
21.265685,5.064666,-5.993198,3.458909,-0.558794,-3.179659,1.038712,0.270129,2
19.436002,6.366139,-4.812085,0.264306,0.221178,-1.733025,-0.744453,3.251325,2
23.954443,4.891718,-3.971357,-2.240528,1.748142,-0.812985,0.221797,4.657860,2
17.500844,4.706827,11.054882,-5.237321,4.781706,-3.341041,4.324421,2.319481,2
21.373230,3.186278,5.482317,-6.085984,-2.498709,-0.851890,-0.649180,-0.700226,2
7.431168,5.779292,-1.293247,7.096176,2.023857,0.386100,2.345236,0.890255,2
-8.544328,12.020678,-0.790019,2.192156,5.672613,0.660671,-3.268067,-2.909828,2
24.263053,0.291329,2.634937,-6.054044,2.575329,1.175013,-0.876370,1.068989,2
14.162063,2.452355,4.957871,-2.343585,-3.652161,-1.959766,-0.573863,-1.875663,2
17.425454,4.110686,-1.087782,-0.626167,-1.778050,3.692197,2.534875,-2.010990,2
11.374433,0.920579,4.025089,2.645670,-4.513252,1.073446,-1.573661,0.430753,2
0.133643,10.227220,-0.679412,2.580751,2.560032,1.839783,0.432148,-2.542087,2
16.536410,1.825294,-2.730861,6.753967,-0.574604,-2.377611,-1.923911,-0.108642,2
13.028040,3.236586,-4.623472,6.093209,-0.753119,-1.691098,-2.550659,0.386725,2
7.915623,1.017557,7.408808,3.166980,-4.893333,0.257390,2.694824,0.616922,2
21.623616,6.351274,-4.356204,0.094444,1.643027,-2.518565,0.268936,1.029313,2
16.928204,1.646384,7.657143,-1.697597,-3.873913,-1.542025,-2.992363,-0.734126,2
7.487445,1.516578,6.514589,-1.329452,-3.734464,-2.567826,1.759680,-0.041986,2
-6.648884,6.822123,4.537008,1.130817,-4.103964,-0.264171,3.648741,-1.364614,2
22.801687,-2.881411,0.008077,-5.322980,0.009057,4.716945,-0.577062,1.726910,2
23.586338,2.721389,1.200691,-3.218499,5.218489,-2.909519,-0.901680,5.043090,2
14.150971,-3.792889,-10.645412,-1.165150,-2.303264,-4.932385,0.125154,0.559513,2
14.292251,4.690128,-0.632374,0.533532,-0.672426,1.759262,-3.914580,-3.035060,2
17.356953,1.559931,-0.138057,-1.767432,-3.306301,-3.109272,0.451512,-1.999465,2
16.432860,-1.022029,1.336954,1.366181,0.093894,2.398113,-1.576825,-3.057153,2
15.239436,5.496173,4.846347,-1.785961,-0.388627,2.349747,0.320217,3.352471,2
26.505798,7.238559,-6.963364,-2.613326,5.202390,1.144194,4.062362,-2.793900,2
-6.369321,7.407398,-0.728064,2.249839,4.963029,0.867748,-0.393556,-3.504393,2
1.734273,6.327811,4.744252,4.650733,1.979494,0.524326,-2.468174,4.810894,2
16.565475,0.302543,3.342053,-0.070451,-5.341353,-0.052378,-3.449638,-2.108105,2
20.080394,3.605325,-4.976188,0.006081,0.336296,-1.153746,-1.578992,3.344884,2
17.399126,3.372313,4.695467,-2.664071,-3.904007,-2.233341,-1.222448,-1.489566,2
10.316548,8.737856,-1.010116,3.136218,2.599170,1.447953,3.886161,-1.082774,2
21.251123,-0.328492,-0.371076,-4.839228,1.004567,3.285334,-2.113178,2.026438,2
14.466235,8.908160,-3.074809,-0.006547,2.258448,1.795356,3.260062,-1.639858,2
21.346604,4.249638,-2.889778,2.204707,-1.044236,0.940049,-1.876386,0.594929,2
4.317755,3.818659,3.299048,7.196390,5.757258,-0.745010,-1.926437,4.228367,2
17.380018,2.186738,-2.897816,2.280954,-1.081571,0.400547,-3.183700,-0.168936,2
6.021514,6.743492,-2.385765,7.218287,0.862550,0.637353,-0.436364,-0.973628,2
-1.743748,9.344306,3.239404,0.398901,-4.708873,2.522825,3.236520,-0.899161,2
22.997237,6.360388,-5.853653,-1.650926,3.622046,1.474732,2.153336,-2.701105,2
6.599719,5.581172,4.884012,5.845413,3.055917,1.751093,-3.313261,0.198208,2
-3.586776,9.782769,0.601094,2.818608,5.056854,0.353836,-0.374626,-2.623124,2
4.667411,8.283470,2.945584,0.013991,-5.658061,1.868209,-0.063285,0.892317,2
6.923626,7.212586,0.171099,2.942174,0.437213,1.784552,-2.867815,-1.655274,2
27.216547,4.796217,-2.658166,-3.967401,3.005402,1.126308,0.415865,-3.766654,2
23.976840,2.790052,0.676794,-1.691543,2.730969,-4.840386,0.253289,3.846781,2
27.136863,5.248526,-5.732233,-5.036241,6.067020,2.392342,1.566723,-3.345453,2
23.074431,4.952758,6.157110,-7.258002,0.411019,-2.113227,3.918035,-0.033046,2
-3.200029,9.628406,4.087013,0.598579,-5.758350,2.305147,4.308735,-0.559368,2
19.558075,5.423622,-5.733801,0.695689,1.044556,0.699846,0.311146,-3.128957,2
20.830356,4.203030,-3.029226,2.890567,-2.338804,0.759721,-0.282954,-1.032795,2
20.479578,-2.298475,-1.062678,1.344063,0.443797,-2.223737,-2.467459,1.733719,2
1.142860,8.999195,1.339696,4.788923,0.524887,1.991116,4.124904,-0.224846,2
9.029946,5.641163,4.329050,3.084348,-0.982842,5.305983,-3.781161,-1.940563,2
23.113552,5.049604,0.206584,-3.654715,0.780086,0.706623,-0.295774,4.463691,2
23.755512,-0.197376,0.973599,-1.252007,3.220588,3.012049,1.177312,-1.832808,2
21.644029,5.910957,0.243489,0.063678,1.702295,-1.453329,3.147283,0.116945,2
25.292510,0.660102,-6.440320,-6.407319,1.589551,-3.305150,2.675833,2.725163,2
-8.572415,12.120697,-0.662537,2.553546,5.856736,0.722576,-3.266404,-3.013448,2
28.297163,2.697032,-2.178135,-4.857042,3.610650,2.813903,3.059439,-0.028819,2
22.086714,6.605016,-8.734110,-3.973486,4.648976,-1.248092,4.044620,-4.371832,2
3.670720,8.673331,-0.492353,3.180059,2.296656,2.025082,-0.149611,-2.102270,2
17.863480,3.079092,-4.560639,0.688991,0.580629,1.132855,-1.532047,2.926800,2
8.195866,5.580983,7.423417,0.136876,-2.325739,3.587242,0.329698,2.287096,2
29.166584,1.858747,-2.726249,-6.529535,4.169800,3.234298,1.871713,0.940905,2
9.268619,4.790783,-3.877030,6.603079,-0.471432,-2.109075,-1.024363,2.767730,2
-11.097338,10.067609,-1.778824,1.513757,5.825441,0.667927,-2.646326,-3.694154,2
7.618866,0.875915,12.550173,-5.621786,5.912449,1.207780,2.111567,3.033365,2
21.139001,-0.462958,-2.397316,-3.797166,-0.764324,2.166357,-1.043885,1.954251,2
16.824198,0.328551,2.856471,-0.112058,-4.637647,-0.066218,-3.262514,-1.827840,2
25.274864,5.972875,-1.050360,-1.058792,0.397155,-3.886021,1.020704,-0.082661,2
-2.658734,8.030326,4.204455,0.306035,-5.766285,1.381463,4.136405,-0.665418,2
-1.211141,6.738539,2.439940,4.242490,2.205197,-0.182955,1.594121,4.802867,2
17.976953,5.403769,-3.715409,1.632999,-0.213626,-1.424928,-1.494075,0.007690,2
-12.939483,8.004391,2.361761,-1.298698,-6.140092,1.489783,2.390393,-1.921402,2
2.477435,6.700607,2.427456,3.865361,2.655828,-0.672766,-1.581889,5.268913,2
18.076723,3.284026,-9.478307,-1.772869,-1.642693,-1.384257,-0.695628,-0.304335,2
14.211721,1.692610,3.651890,-1.765946,-3.772399,-2.898739,-1.204338,-2.744443,2
16.039811,6.081679,-4.477907,0.881177,1.150505,-0.051155,-0.837959,4.187063,2
14.572934,1.889877,2.960081,-1.544358,-3.294877,-3.554649,-0.695196,-2.794992,2
15.032651,4.305329,6.522933,-1.170935,-2.757927,2.784839,-1.833582,1.150994,2
24.883024,1.894882,4.243708,-6.325877,-0.946218,-2.312780,0.307439,-0.128818,2
2.378865,6.151210,4.138001,5.361475,4.274392,1.065862,-4.707338,0.978833,2
21.546216,1.788223,-6.749281,1.034120,-2.002173,-5.430244,1.706138,1.062114,2
5.938908,7.852420,-3.763397,6.587438,0.697700,0.358726,-0.399516,-2.777554,2
16.643277,-2.980297,-0.336541,3.129478,-0.851374,-2.714162,-3.767231,0.252063,2
-1.580440,4.438817,2.541563,3.318536,-3.064147,1.456936,4.691557,-0.213309,2
13.817362,4.883451,8.574691,-4.585722,1.144135,-1.311988,2.398792,1.221465,2
17.363943,-0.625933,-0.246750,-1.196016,-2.136000,3.241633,-3.193280,-0.926206,2
13.555368,7.413267,-4.501016,2.745752,1.685628,-2.204348,-0.376308,3.971919,2
16.569403,-2.835140,-0.417507,3.262367,-1.041426,-1.577969,-4.211586,-0.765893,2
16.616115,0.269043,2.699678,2.410250,-5.074352,-2.378623,-2.470851,-1.656655,2
9.333295,6.549101,5.286630,2.496974,-0.027078,4.149296,-1.681619,-0.585998,2
0.686824,7.662794,3.597746,6.499576,2.945052,0.545091,-1.662373,5.140334,2
0.592415,5.675483,6.801262,-0.452563,-5.688193,0.734044,2.222132,-0.496777,2
17.412229,2.553171,4.645345,1.299967,-5.464896,-3.470709,-1.202753,-4.221391,2
21.673140,-0.678122,-7.394353,-3.231122,1.340145,-1.050834,0.649466,2.780774,2
5.376815,5.897828,-1.688153,6.730590,0.802537,-1.319240,-1.546966,4.807069,2
28.682906,1.584131,0.070659,-6.382451,4.096846,3.413604,3.620785,-0.030078,2
16.780921,4.417704,3.086868,-0.222542,-1.874996,-1.340601,-2.097052,-1.789781,2
12.646923,8.783142,-0.061187,1.261988,-1.941808,1.095213,2.826544,-1.607075,2
14.191969,4.253045,-3.833178,3.196491,-0.435254,-0.940541,-1.896226,-2.522791,2
9.999475,6.210030,-2.118253,3.012852,1.821302,-1.791456,-1.802382,4.549737,2
-8.525535,6.989613,2.215652,-0.086653,-5.844580,2.140961,2.839548,-1.058888,2
-12.497560,10.568215,-0.909064,1.729378,6.798154,-0.600894,-3.255970,-2.988810,2
9.980735,2.069613,9.885693,0.061369,0.311772,4.578578,0.518022,0.912866,2
21.031868,1.991423,-3.995776,-0.267827,0.314285,-1.137608,-1.219469,3.539212,2
-12.273759,8.150719,1.803564,-1.390093,-6.481357,2.268221,2.341257,-1.595180,2
17.454213,-1.283497,-2.209120,-1.973953,-4.934654,0.434736,-2.043366,3.037054,2
26.259261,4.202454,-8.403757,-2.671129,5.673898,1.334326,4.496548,-3.596850,2
11.527294,4.719739,6.563905,-1.162194,-1.072287,2.769522,-0.146442,1.579341,2
13.366262,3.703346,8.191030,-2.133302,-2.929015,-1.500097,0.131316,-0.854808,2
21.151823,3.378589,3.602295,-4.619754,-3.849302,-2.824534,-0.476833,-0.838827,2
6.636577,7.916028,2.755424,3.962169,1.653470,2.417111,-4.129120,-0.106897,2
7.730786,2.736546,6.712519,0.477562,-1.817484,2.645288,-0.535806,2.500298,2
17.766340,4.030823,-6.086087,2.390044,0.884118,-1.322709,2.096064,-3.293261,2
20.460446,0.700732,0.403325,-2.074620,-3.510077,-1.293927,-1.039615,-1.879235,2
16.883719,-1.760196,-2.143222,2.795912,-3.041855,0.857468,-1.904461,-0.651311,2
-7.686584,3.782195,1.831053,2.413508,-2.535904,3.033957,2.331922,-1.003860,2
21.858274,2.282285,-8.684876,-3.597380,2.427186,-3.936672,4.086296,0.677130,2
23.712131,4.912167,1.563854,-4.158326,0.724656,-6.250973,3.793060,-0.147097,2
16.427052,1.890874,9.481962,-6.499796,2.845100,-1.644417,-0.331097,2.281430,2
23.620064,-4.057258,-5.316364,-3.582012,0.594538,1.780753,4.461283,0.377120,2
17.213549,-1.173545,3.122474,-1.116318,-1.888495,3.585032,2.091009,-3.626300,2
17.591902,1.478598,-2.541199,0.182250,-3.589215,-0.119504,-1.578109,0.168986,2
21.181300,-0.243941,-6.417434,-3.462689,-1.454520,-3.724102,1.961386,2.681583,2
26.072718,2.620829,8.393121,-8.411099,0.922401,-2.326507,0.735643,0.417691,2
17.852595,-4.060358,-7.744091,-5.162010,-1.449821,-4.716025,2.670936,2.327963,2
14.859594,1.036296,-5.001769,1.490134,-1.965025,-0.001769,-2.406457,0.450786,2
-11.292176,10.299525,-1.678806,1.887006,6.051338,0.765029,-2.714701,-3.827159,2
20.379933,1.454514,-1.946296,-2.836125,-2.589564,-4.955280,2.097427,-0.834866,2
11.647449,1.495856,10.996408,-7.559459,5.930791,-0.618324,0.791454,3.242949,2
10.281202,6.490061,-6.776166,5.672267,1.692371,-0.124560,0.255105,-4.000095,2
-9.309601,11.395080,-1.349186,1.265764,5.338289,0.455893,-3.154195,-2.993689,2
25.718126,3.803443,-5.283626,-1.273609,3.536383,-1.150242,3.460723,0.088819,2
17.705009,5.968719,-5.592066,4.495839,-0.925459,-2.764830,-1.163684,-2.268418,2
22.572433,7.750403,3.955639,-4.491650,2.863174,4.592077,-0.990578,6.143265,2
8.375138,9.111936,2.537921,1.291489,-0.564197,3.094492,5.402158,0.169888,2
-12.928131,8.157010,2.165831,-1.282342,-6.300454,1.904831,2.394497,-1.901972,2
21.212267,5.017961,-0.240416,-0.208859,-0.511648,-3.295632,-0.349233,-0.450199,2
-0.280044,8.092823,2.090945,4.277145,3.808842,0.563815,-1.845254,1.982896,2
19.982616,-0.341876,0.374461,1.458322,0.770723,2.371045,-0.516113,-2.090501,2
10.792120,1.884653,5.987277,-3.971364,-3.573627,-2.311837,1.127863,-0.055957,2
20.750742,3.201152,-3.445790,2.037237,-0.813946,0.164629,-2.211576,-0.631673,2
14.558161,6.557256,-1.613259,-1.095936,1.036549,0.334634,-2.929556,4.268929,2
16.678017,-2.183209,7.168042,-1.540047,-4.173859,2.679565,-5.373112,-3.029700,2
3.035677,1.675770,5.398714,4.770498,-4.625016,2.799382,4.308781,3.048325,2
16.507468,2.829810,5.442267,0.097007,-3.471108,-1.127568,-3.428159,-4.113334,2
17.185108,0.391575,5.763046,-1.995123,-3.814408,-1.596574,-2.386473,-2.218957,2
1.754044,-0.082349,4.603198,2.281955,-4.920806,0.910756,4.467731,1.503384,2
-5.059604,6.449938,2.906797,1.303923,-5.310750,2.304832,4.034429,-0.971988,2
5.803533,2.137729,7.833706,1.125343,-3.326610,-2.983633,0.647985,-0.605328,2
20.804755,0.875379,-9.555045,1.644926,-0.772053,-5.263022,2.324442,1.301524,2
17.494253,5.482447,-1.693165,1.427151,-0.932677,-0.351322,-3.459210,-0.135479,2
-3.590641,9.845127,-0.408392,2.230633,4.795410,0.313962,0.583762,-3.869327,2
-4.454763,4.123300,2.210206,3.504828,-0.791495,0.091310,2.407078,4.315787,2
7.898042,1.318370,0.678182,7.048485,-5.429882,2.800165,1.908279,-0.000999,2
22.874716,3.344965,-3.542322,-1.492322,0.550443,-2.130004,0.404315,2.896802,2
4.717453,4.877905,7.056868,1.167546,-2.788922,3.515978,-0.053033,3.063701,2
3.309068,2.199681,7.519509,-2.673011,-3.725608,-2.770667,1.808591,-0.673885,2
27.110602,0.366602,4.650951,-5.457003,5.573579,-1.615658,1.894385,-1.522004,2
8.328722,4.105200,5.538910,-0.979802,-5.343858,2.417566,-1.113849,2.511401,2
15.540577,1.543615,-3.979616,7.590305,-1.529018,-2.326667,-2.809215,0.436836,2
26.169349,1.576194,0.719577,-3.880693,3.174114,1.583286,4.953758,-2.795586,2
19.693861,2.046559,3.078523,-1.911287,-2.897213,1.896767,-1.654046,0.901712,2
5.767580,-0.277393,4.020586,0.507031,-6.421970,0.418728,3.970635,1.621432,2
8.444462,0.503984,4.246917,4.223579,-5.298424,-1.547950,2.234480,0.568561,2
10.844472,-2.694915,-6.812735,0.904528,-3.181190,-2.478318,-0.043260,1.560532,2
17.850046,1.802034,-7.270601,2.511306,-1.725181,-4.022917,0.807100,0.584583,2
20.963241,-0.850169,-0.654680,-3.345156,-1.478438,3.500385,-3.262133,0.963478,2
-0.259835,4.720941,4.880481,3.707572,-6.312836,1.960524,4.759378,1.288373,2
14.586348,-0.506214,-1.490296,-1.470948,-4.691448,0.968832,-1.814262,1.288938,2
10.716391,5.891968,-3.059672,2.819741,-0.512475,0.169817,-3.312701,-2.444513,2
24.921610,0.770974,-1.746532,-5.880601,2.515760,2.625607,0.707117,2.367181,2
18.077875,3.821929,-1.241954,1.458697,0.084817,1.132140,-1.071361,-3.924017,2
24.476735,-0.411384,3.335063,-5.500685,2.636881,-0.411856,-2.169937,2.370673,2
16.601266,3.013141,7.062452,-1.358239,-2.084865,1.268382,-4.606952,-3.332393,2
-11.597487,10.297144,-1.892884,1.497255,5.906284,0.751608,-2.799719,-3.771897,2
4.747163,7.998437,3.146960,4.543500,-0.285119,2.408142,3.627873,1.664577,2
21.203598,0.341293,-2.161615,-2.378974,-4.084055,0.639479,-1.881414,3.234736,2
17.649509,-0.226048,-1.840328,-1.795567,-1.223672,2.597193,-2.379096,0.781710,2
12.774577,1.409900,9.129339,-3.053356,-3.491561,1.042144,-3.207520,0.132901,2
9.708897,1.859970,8.603922,2.983844,-2.244811,4.402689,-0.949374,-0.050172,2
17.666403,2.936521,-1.700310,3.084929,0.377055,0.755478,-2.569130,0.644300,2
21.000262,0.614092,9.539788,-7.695459,3.592670,-0.236341,0.930621,-0.217458,2
18.326040,-2.112536,-7.898279,-3.703171,0.979261,-4.799992,2.099870,4.012917,2
14.382588,-0.936436,-2.143959,-0.855928,-4.876132,-0.151195,-1.533093,2.095621,2
24.356445,3.784118,0.828904,-2.661148,-0.306379,-2.291422,-0.592418,-1.337394,2
17.445126,7.301630,-2.971667,-0.807946,-2.560202,0.124266,1.426292,-0.345033,2
16.762547,-0.785522,8.061108,-6.840393,2.336350,-2.108283,-2.710317,1.268649,2
12.973902,4.429527,9.820173,-2.206427,-0.739972,-0.787388,1.001539,0.254487,2
21.100609,-0.166631,3.524324,-3.313781,-0.103537,3.084378,4.371192,-2.211839,2
17.111341,0.399412,4.786317,2.556798,-2.159394,1.947868,-5.904380,-5.002933,3
12.745239,-6.799561,-6.092437,4.814119,0.483043,-2.926402,3.465356,0.606956,3
9.248178,-5.365603,-4.826779,5.040185,-2.437344,-2.632789,1.183211,-0.158563,3
-6.399497,-2.408065,4.384022,3.240265,2.906202,-0.939159,2.739134,-2.578873,3
0.532044,-7.282082,1.651376,2.141846,1.755324,-3.314811,-0.714414,-0.812852,3
9.994751,-6.033517,-4.759849,3.665422,-3.032538,-1.533383,1.812232,-0.174029,3
9.141517,-2.352549,1.728857,1.556379,-4.924074,-0.152177,1.073760,0.747630,3
0.143818,-7.667620,2.348559,5.283202,-0.709762,0.425573,4.779816,0.104265,3
-0.648763,-7.205958,4.018229,4.324738,0.441433,0.764959,5.798926,2.402007,3
13.615101,-8.485746,-5.952912,-4.068991,-0.558435,-1.077802,-1.264420,-0.273017,3
19.160029,-4.475480,-1.525691,-3.339372,-0.022292,4.267116,-1.792789,0.667134,3
23.664679,-5.592273,-2.235982,-5.958069,2.429022,4.902678,0.852653,0.275393,3
6.869141,-6.686850,-7.599917,-6.154727,-0.112476,-0.821126,-3.681949,-0.977682,3
16.835393,-8.596150,-3.904126,-2.922111,1.065787,1.519490,3.316363,-1.573670,3
-7.353507,-3.566800,4.217740,2.888329,2.182827,-0.854774,2.469570,-3.308403,3
-0.728868,-4.730682,3.400450,2.478475,-1.507094,1.179973,4.856318,-0.527007,3
11.925232,-8.796770,-0.791761,1.264140,-1.352979,1.582110,-1.972062,-0.483201,3
-0.170365,-6.750499,0.623974,1.694965,0.896902,1.890817,5.009661,0.041463,3
-2.920081,-5.366882,4.783054,1.168385,1.803950,-2.545440,0.301725,-0.590856,3
5.618174,-7.520580,-4.150256,1.116894,-1.268976,0.068096,1.150560,-0.730917,3
15.451284,-9.604928,0.209324,0.977089,-2.152921,4.859336,-4.414568,-2.567150,3
14.065145,4.561663,-2.813782,3.572402,-0.079248,-1.213899,-1.756517,-0.176219,3
1.042346,-5.629374,8.640468,-1.644586,4.877464,-1.024420,0.613458,-0.586998,3
-6.123189,-2.812301,4.558495,1.796549,2.783333,-1.560081,0.208653,0.765747,3
-1.815864,-6.734921,2.436169,3.643546,-0.172742,2.090500,5.048232,0.744356,3
9.878319,-8.179158,-1.977148,4.290618,-1.100449,-2.464129,-0.959375,0.220865,3
-0.966979,-4.148274,5.172384,0.470390,2.280601,-1.271229,-1.841103,1.444470,3
-0.967343,-8.190368,0.020415,4.050320,0.726545,0.793616,2.542947,0.711555,3
4.377708,-8.441960,-1.130136,2.171326,0.200227,2.194635,1.898688,-0.250800,3
7.106311,3.671131,9.473852,0.677146,-1.819386,4.978462,-0.993632,3.405284,3
12.038138,-8.560073,4.435899,-1.044742,3.644577,0.583623,-6.387708,-0.023722,3
2.021980,-5.596158,7.931202,4.942203,1.601334,-0.908841,-0.125795,3.615399,3
2.482865,-8.615551,0.413994,4.018218,1.203263,-0.742742,0.553551,1.722150,3
-12.159931,-0.966967,3.227387,-1.144055,0.036518,-3.196616,0.871312,-3.268308,3
10.497278,-7.457342,-3.472342,-2.711722,-1.162710,0.654495,-3.333574,-0.348569,3
-2.709611,-6.143552,2.414506,1.256158,-0.054164,-0.846452,4.229565,-2.280596,3
-5.573044,-0.407352,0.185605,3.776538,0.144446,1.030248,2.133635,4.444988,3
16.586839,-5.748252,-0.113058,-2.612719,-0.203304,3.971826,-1.192255,0.183005,3
9.527240,-8.535909,-1.241802,-2.164258,0.472093,2.740998,0.490852,-2.173451,3
-4.309211,-2.362721,6.809209,-2.453011,0.920639,-3.840798,-0.001866,-2.948780,3
-5.617454,-2.485971,3.514416,4.094437,2.090289,0.992212,4.208177,-2.205466,3
6.242785,-8.459321,-4.938859,3.031551,-1.302418,-3.352412,2.620133,-1.094492,3
-7.495840,-4.241683,5.359836,2.512979,2.650021,-0.874326,2.866496,-1.978991,3
-5.453288,-2.340270,2.258679,1.863767,1.228769,-1.589357,1.620874,1.313189,3
-1.727859,-1.255794,0.297485,0.774788,-0.314521,2.141735,1.739932,1.606206,3
20.916920,-9.249241,-4.059598,-5.475839,1.810390,3.588646,4.143741,-1.115562,3
9.141980,-8.002600,-4.185800,2.930660,1.589199,-2.041282,-0.539070,-0.046380,3
12.030797,-8.951213,-2.486464,3.505735,-2.875492,0.979623,-0.247926,-0.985271,3
4.089794,-7.671663,0.354629,4.340431,1.808386,-4.996405,-1.869017,-0.109996,3
13.129230,8.436849,-1.033722,-0.792265,-0.937749,3.149493,4.089355,-0.679741,3
4.982313,-8.689298,-0.420122,0.137920,0.982117,2.004249,-2.685037,-0.478613,3
9.397896,-8.149698,-4.148273,0.927567,-1.610350,2.206847,1.423689,-1.902485,3
0.647067,-5.122027,7.004675,2.515114,0.847924,0.348069,-1.129510,1.630205,3
-2.513260,-3.512884,8.817740,-3.756019,2.485674,-1.987968,0.807167,-2.994300,3
14.785324,-4.522255,-4.841026,-7.113960,-2.523509,2.122483,-4.192960,1.322151,3
-3.345254,-1.754843,3.043847,4.893242,0.085542,0.628458,4.860077,-2.351816,3
4.980080,-9.538776,0.296926,3.219918,0.105791,1.834497,4.446127,-0.004660,3
5.500021,-0.720343,4.021786,1.442292,-1.525180,0.070262,0.230094,2.402212,3
-3.860385,0.868315,1.415373,3.724809,1.216029,0.212998,1.406994,4.987188,3
12.962231,-6.876960,-0.764036,-1.386916,-0.192632,2.415315,-1.662702,-0.978388,3
-0.884756,-5.512806,1.570116,3.267253,0.897679,2.359136,2.955762,2.329168,3
1.680644,-5.744206,5.512225,7.956605,2.804987,-0.113503,-1.984348,3.599229,3
0.533698,-4.567864,7.487404,-0.054056,3.540126,-2.720821,-0.420092,1.445455,3
16.719699,-4.478433,1.773978,0.683025,-3.186459,4.290789,-6.359453,-1.668180,3
13.442396,-9.207836,-2.643255,0.603516,-0.633560,-1.586687,-0.548919,-1.076835,3
9.248491,-8.482962,0.165286,-1.809528,1.480744,1.038624,-5.672277,0.998267,3
-14.915425,-0.134257,3.504666,-1.603044,-1.229118,-2.069199,1.463647,-3.502800,3
1.742489,-5.925501,5.679132,3.315609,1.150600,0.346436,0.989889,1.605007,3
6.116208,-8.733180,-1.087365,4.076910,1.411175,-2.624757,-1.561432,0.962673,3
-5.434719,-5.161799,4.181808,0.595096,2.942186,-1.121332,3.184259,-1.135887,3
12.387339,-0.992845,0.711457,6.057128,-4.666652,-1.716665,0.337367,-0.535411,3
12.168371,-7.300293,0.746134,4.063347,-0.682571,-1.798821,-4.042950,-0.756369,3
13.013115,1.727934,-1.936366,7.283446,-0.027101,-2.976170,-0.546364,-0.127647,3
10.510558,-3.382181,-2.045793,3.519267,-2.970436,-1.256839,-1.476700,0.280099,3
2.485242,-6.546925,-5.597430,0.631940,-0.181438,-0.615569,-1.428475,0.629616,3
13.467710,-6.955443,-7.254402,3.685083,-2.840868,-4.014913,4.817350,0.429620,3
4.361027,-9.719991,-2.502147,3.958617,1.261414,-1.084431,-0.860810,-0.019625,3
3.883965,-7.248686,1.691376,3.229901,1.108305,-3.120538,-1.024953,-0.191544,3
-0.803247,-4.281950,-5.191009,-1.782761,-1.455144,1.250930,-0.146429,0.254388,3
4.296075,-9.665343,1.147387,3.103616,1.020235,3.180506,2.560934,-1.330226,3
-7.768268,0.966802,2.072299,2.746755,1.704342,-0.816843,1.623219,1.739320,3
27.708460,0.069506,3.173804,-6.606255,3.094996,2.007588,2.703733,-0.655625,3
10.885230,-5.356519,-10.398603,-4.783956,-0.417162,-2.736389,-2.117915,-0.114719,3
-2.470127,-5.088403,3.700173,5.007931,-0.294790,-0.149378,2.408552,2.864032,3
16.349990,-9.372145,-0.957501,-1.338843,-1.175177,2.543446,-1.114735,-0.665779,3
-5.741466,-5.263599,3.297359,1.626963,2.154492,-0.668816,2.291995,-1.603533,3
0.948614,-5.361824,8.308735,-2.031185,4.536086,-1.199891,0.545852,-0.822886,3
12.920908,-5.513480,-0.626665,5.442338,-4.869067,0.603451,-2.134734,0.345233,3
7.559252,-9.051331,2.124198,0.223889,2.062464,-1.438481,-1.516218,-3.064153,3
-0.737709,-5.400395,3.872602,2.592725,-1.339077,0.955551,3.670731,0.113425,3
-1.259560,-5.930392,7.869549,2.789718,3.816398,-0.026756,1.389373,0.930447,3
16.886664,-8.173297,6.433161,-4.553117,4.843307,0.711485,-5.726840,1.055514,3
11.794060,-10.042049,-2.318924,2.708764,-1.749494,1.647022,0.013272,-1.825860,3
-5.244583,-5.975096,5.796501,-0.446717,0.782045,-2.701239,3.535591,-1.850687,3
13.894479,-4.639437,-6.082595,2.083634,-1.705170,-2.378684,2.084728,-0.095840,3
7.281254,-3.996910,-5.059944,-2.143828,-3.007879,0.065459,-2.106450,-0.148823,3
13.258256,-7.375516,-0.283800,-3.562116,0.632231,4.158413,2.811936,-2.847113,3
-6.970276,-1.064294,4.164149,0.326775,2.239080,-2.829706,0.852760,-3.998548,3
14.076998,-5.581291,-9.118693,-2.660649,0.358588,-3.597345,1.350194,0.961645,3
-9.412474,-0.820982,4.381014,-0.200268,0.417481,-2.463344,1.746614,-3.473157,3
6.713068,-3.836728,-6.035046,2.134157,-2.425766,-0.475077,0.656480,1.538820,3
12.760492,-5.491010,-0.129052,3.067859,-2.581596,-1.288968,-2.971596,0.365979,3
16.537349,-8.062295,-6.780829,4.066520,-0.856343,-3.134646,2.233970,0.159070,3
3.273700,-1.279465,9.800971,2.872117,-2.668567,-3.115934,1.323016,0.517516,3
5.791100,-8.213450,-1.981991,-0.432080,-0.166019,2.963786,1.350773,-2.461823,3
0.776388,-8.194396,3.887965,4.028916,0.895420,2.368004,5.510753,1.046477,3
-9.455376,-0.763119,4.471016,-0.077366,0.580626,-2.339269,1.643573,-3.533949,3
0.427668,-6.724186,3.512077,2.993167,2.904319,-3.821135,-0.378354,1.077124,3
-9.674361,-1.670068,2.089802,-0.821464,1.983238,-3.174667,-1.522953,-1.276064,3
9.031419,-7.572549,-2.098722,3.936231,-0.785117,0.715780,-0.354994,-1.468622,3
-10.081930,0.205176,-0.540091,0.754616,-0.035934,-0.196423,0.868441,3.498824,3
-6.717671,-0.220894,-0.899613,1.536496,0.116216,0.365698,0.906949,4.430967,3
-0.180904,-4.782812,7.695260,3.564814,-0.538155,-3.910418,0.077152,-0.691275,3
4.956710,-6.494176,1.482331,4.591478,2.584841,-2.014885,-3.959542,0.828499,3
16.947894,-8.911350,-0.818341,-0.927090,-0.403115,0.516483,-1.721139,-0.234658,3
8.529228,-7.432836,0.694272,2.366425,2.338292,-2.257450,-6.329922,0.266960,3
12.446381,-7.932466,1.760473,-3.255069,0.002829,5.194446,-4.838641,-1.109063,3
13.966621,-6.984761,-2.647142,-2.942161,-0.389285,2.415998,-5.816680,-0.348749,3
24.518029,-4.114777,-6.332040,-2.008073,7.653312,3.897284,6.697808,-6.415339,3
10.470350,-5.557750,-6.831693,-3.580103,-2.703034,-0.692183,-4.072088,1.377649,3
-3.901421,-2.200383,3.606360,1.306486,2.650442,-0.605486,-1.350929,1.885778,3
12.780827,-9.162816,-1.523766,-2.332050,-0.682691,3.369552,0.060792,-2.114571,3
17.033143,-6.210512,1.445283,-4.074989,-1.376136,4.604284,-4.857088,0.718906,3
10.981908,0.235498,4.497295,-0.267074,-5.697729,-3.201174,-0.171000,-1.406300,3
12.084991,-2.422082,-1.130061,8.364735,-2.222400,-2.118805,-0.752516,-1.255542,3
-7.867150,0.075131,-2.493453,0.061670,0.990773,1.877883,-0.849381,-0.598028,3
24.618168,-6.692794,-3.458934,-1.075352,1.267216,2.676922,2.437763,-0.336856,3
20.574833,-8.945468,-5.370469,-4.614161,3.414479,1.088603,4.162137,0.134465,3
18.260168,-9.598229,-6.419209,-4.072578,1.846432,1.461944,4.263497,-0.706976,3
3.358912,-8.229878,4.583599,0.679400,3.622424,0.436649,0.242556,-2.069199,3
0.921369,-5.503314,6.324309,1.167597,6.644442,1.286734,-1.355237,1.408673,3
-4.227039,-5.436567,4.957204,3.588509,0.962056,-1.259968,3.004088,-0.088566,3
-7.869890,0.467767,2.779595,2.210949,2.937630,-3.013562,0.781505,-2.678911,3
-2.004660,-3.868650,9.628423,-2.755632,2.125849,-2.337842,1.452847,-3.039805,3
3.571527,-3.373661,4.145237,7.369571,4.598665,-0.690724,-3.037278,3.257230,3
20.378534,-7.108401,-0.522492,0.119938,-1.144311,3.908852,0.185609,-1.396397,3
20.842118,-8.463827,1.169078,-5.366076,2.562794,5.042916,-1.785802,1.834817,3
13.942289,-4.059881,3.467123,-0.054832,-0.030116,7.283100,-3.405144,-2.143182,3
0.630092,-7.292325,2.576805,1.182718,2.334682,-4.200234,-0.853372,-0.662322,3
-8.132096,-1.235577,3.678093,1.138307,0.603094,-2.979452,1.470305,-0.563244,3
9.329984,-8.923290,-1.654057,-3.106932,0.119365,1.509800,-3.622708,-1.299856,3
19.647634,-5.882561,3.095382,3.214576,1.189662,4.450295,-3.841066,-4.040344,3
-11.229134,0.033655,-2.984233,-0.815261,0.674682,1.380914,-1.268642,-0.748896,3
2.572369,-7.890767,-0.077818,1.242176,0.839792,3.684087,2.987808,-1.463698,3
-0.021349,-4.649822,4.476457,7.130132,1.807389,-0.290197,-0.305223,5.289740,3
17.469225,-0.146303,-8.679256,2.214676,-0.263483,-2.965209,1.422942,0.801958,3
-5.061772,-3.898783,4.626886,0.845179,2.162769,-1.749608,1.831251,-2.601718,3
16.140823,-10.544960,-0.295241,-5.401576,1.207095,5.323911,-0.206843,-0.449985,3
-8.434688,1.634682,1.853676,2.590833,1.587305,-0.522965,1.779756,-0.382515,3
17.515136,-6.928638,-1.587250,-4.247704,-1.381888,3.961460,-4.184408,0.743916,3
-7.802946,-1.132472,-0.085817,4.099123,3.521236,2.410601,2.670921,-1.337299,3
0.341976,-5.362952,5.892619,1.278942,1.248056,-0.895463,0.755089,0.257240,3
14.053637,-6.546253,-8.985332,-2.498179,-0.961382,-0.810919,0.300536,-0.418110,3
2.793019,-3.778996,11.298155,-3.205515,8.079937,-0.514913,1.644151,2.513232,3
17.660676,-2.444114,-0.782195,-1.170806,-3.774878,3.426374,-3.032416,0.228389,3
16.606203,-7.012155,0.820077,-0.795031,-2.036766,5.068941,-2.693962,-1.406551,3
-0.602413,-6.807671,4.174083,5.205330,1.364873,0.001551,3.161251,3.368471,3
13.199822,3.247992,5.659248,1.598662,-2.161819,1.376486,-2.738771,-4.132704,3
16.305959,-6.249711,2.818188,1.054302,0.939133,1.112565,-4.965285,-1.869444,3
9.706833,-7.000128,-1.172596,5.015331,-1.689763,-2.618967,-1.107049,0.532737,3
2.822814,-8.475995,0.730261,5.501331,0.723244,-1.157102,1.471283,0.400999,3
-2.866225,-5.769139,1.099849,2.365718,0.002328,1.912545,4.110471,-0.519396,3
17.941033,2.228992,2.267495,-1.015035,-4.424750,-2.969906,-0.806901,-2.753660,3
8.014657,-8.530013,2.474918,2.325265,2.888739,-1.787214,-5.808606,-0.722579,3
0.658677,-6.378759,6.761282,-0.725479,7.401466,1.159215,-0.543061,1.020277,3
-5.964708,-3.019112,7.841822,-1.551756,2.558770,-3.093382,1.581796,-4.059662,3
12.503464,-3.936661,-4.070054,8.548901,0.129369,-2.508267,1.005605,-0.798282,3
0.503788,-4.552235,6.779495,1.543112,1.563047,-3.062155,-1.782679,1.186497,3
9.312527,-6.541344,-0.079480,3.421398,-3.038540,1.608603,1.294774,-1.739072,3
-1.723808,-6.053653,5.043053,4.897171,-0.554128,-0.895795,3.292181,0.540597,3
-0.645155,-1.761965,7.293288,-3.260481,-0.554762,-3.008402,1.391008,-1.932234,3
2.332209,-4.084622,4.534760,1.563188,0.875993,-1.059614,-2.034477,1.458454,3
-6.662062,4.731676,0.330504,3.349295,5.299371,-0.138930,0.942351,-2.807071,3
1.318742,-6.090277,2.951456,3.311518,0.933871,-1.826744,-1.334184,1.110338,3
13.088226,-8.935355,-3.614420,1.674973,-3.267860,0.973402,1.445763,-1.718787,3
14.159789,-3.053148,-8.693916,-1.298919,0.023472,-3.215587,3.101435,0.042362,3
2.140047,-5.344597,2.339334,3.622530,0.275061,2.351246,3.679510,0.795855,3
1.832175,0.905843,2.051396,1.621129,-1.962334,2.009195,2.150923,2.224709,3
0.166761,-4.752484,8.898469,1.040192,1.351556,-2.084865,-2.496548,-0.260724,3
7.803643,-6.455577,-0.228879,4.590628,0.907446,-6.014504,-2.148656,-0.820583,3
0.371259,-4.342232,2.426701,2.049495,0.968478,4.697067,2.890719,0.510312,3
10.275001,-4.570383,-6.666530,0.764585,-2.202205,-2.375056,0.519533,-0.053230,3
-2.798696,-3.748463,7.225579,-1.085782,0.027764,-3.722581,2.693987,-3.377289,3
2.054580,-8.689294,7.569127,4.470076,4.219371,0.304640,0.012888,0.232177,3
13.827613,-8.770952,-5.609874,0.125771,-0.152137,0.725484,0.872647,-1.464397,3
3.715995,-7.812593,4.874630,1.850509,3.382706,1.308293,-0.740616,-0.705987,3
2.615410,-8.610047,-3.034445,2.384591,-0.784283,-1.552936,3.458781,-0.489240,3
-2.235454,-6.068148,4.234470,-0.186574,2.572689,-2.022974,2.489625,-0.672785,3
-2.112290,-4.709428,6.133371,0.778765,0.540345,-4.474213,-0.163467,-1.127194,3
-6.352737,-2.711124,1.570056,-0.444645,2.299282,-2.078263,-1.011073,1.967830,3
-4.546285,-2.578264,-1.832606,-1.051333,0.312914,1.013895,0.742954,1.567630,3
0.861846,-7.837318,2.605033,3.956944,0.196459,2.892943,3.735856,-0.184260,3
3.212545,-5.783230,-5.979668,-2.860593,-1.583580,-0.535572,-2.310492,-0.902386,3
0.116324,-7.479540,3.323235,5.134069,0.412965,-0.982143,1.579985,3.550069,3
3.354293,-6.511093,5.048703,4.000741,4.557323,0.923063,-3.765422,1.154783,3
